[{"type":"tab","id":"3a2571fb.e0242e","label":"Flow 1"},{"type":"tab","id":"e711dbd4.4e7d18","label":"Flow 2"},{"id":"675f49cf.4c3658","type":"mqtt-broker","z":"3a2571fb.e0242e","broker":"broker.hivemq.com","port":"1883","clientid":"","usetls":false,"verifyservercert":true,"compatmode":true,"keepalive":"60","cleansession":true,"willTopic":"","willQos":"0","willRetain":null,"willPayload":"","birthTopic":"node temp mqtt subscribe","birthQos":"1","birthRetain":null,"birthPayload":""},{"id":"70e30f1c.797ef","type":"mqtt-broker","z":"e711dbd4.4e7d18","broker":"agf5n9.messaging.internetofthings.ibmcloud.com","port":"1883","clientid":"d:agf5n9:MQTTDevice:965d11de","usetls":false,"verifyservercert":true,"compatmode":true,"keepalive":"60","cleansession":true,"willTopic":"","willQos":"0","willRetain":null,"willPayload":"","birthTopic":"","birthQos":"0","birthRetain":null,"birthPayload":""},{"id":"3ff15dfb.9c6542","type":"openwhisk","z":"e711dbd4.4e7d18","org":"kkbankol@us.ibm.com","space":"dev","action":"nlcjs","x":64.5,"y":181,"wires":[["4c32c17c.533de"]]},{"id":"4c32c17c.533de","type":"debug","z":"e711dbd4.4e7d18","name":"","active":true,"console":"false","complete":"payload","x":288.5,"y":181,"wires":[]}]